rep_id,first_name,last_name,rep_name,site,queue_name,department,job_role,can_transfer_departments,tenure_months,primary_skill_tag,secondary_skill_tag,primary_skill_label,secondary_skill_label,strengths,weaknesses,strain_tier,pressure_index_baseline,qa_score,fcr_30d,repeat_contact_rate,aht_secs,csat_proxy,transfer_rate,escalation_rate,compliance_risk,productivity_index,burnout_index,resilience_index,volatility_index
REP00001,Sarah,Chang,Sarah Chang,NovaWireless,General Support,Call Center,Customer Service Representative,False,40,billing_resolution,fraud_unwanted_calls,billing_support,fraud_unwanted_calls,billing_resolution|fraud_unwanted_calls|generalist,none_flagged,medium,0.1359,0.671,0.7846,0.2418,510.14,0.657,0.0821,0.1009,0.413,0.7547,0.41,0.9646,0.2496
REP00002,Parker,Gupta,Parker Gupta,NovaWireless,General Support,Call Center,Customer Service Representative,False,30,device_support,network_service,device_support,tech_support,device_support|network_service|generalist,none_flagged,medium,0.1359,0.591,0.7243,0.2122,548.24,0.6681,0.069,0.1216,0.4528,0.6011,0.5047,0.7315,0.4964
REP00003,Catherine,Morales,Catherine Morales,NovaWireless,General Support,Call Center,Customer Service Representative,False,44,fraud_unwanted_calls,porting_transfer,fraud_unwanted_calls,porting_support,fraud_unwanted_calls|porting_transfer|generalist,none_flagged,medium,0.1359,0.5912,0.7291,0.2296,529.22,0.611,0.1155,0.0599,0.2032,0.6496,0.3403,1.0,0.4455
REP00004,Lucas,Nguyen,Lucas Nguyen,NovaWireless,General Support,Call Center,Customer Service Representative,False,33,billing_resolution,general_support,billing_support,general_support,billing_resolution|general_support|generalist,none_flagged,medium,0.1359,0.6553,0.7431,0.1483,499.54,0.7656,0.0181,0.0503,0.2512,0.7246,0.2997,0.9456,0.1983
REP00005,Evelyn,Ruiz,Evelyn Ruiz,NovaWireless,General Support,Call Center,Customer Service Representative,False,38,fraud_unwanted_calls,billing_resolution,fraud_unwanted_calls,billing_support,fraud_unwanted_calls|billing_resolution|generalist,none_flagged,medium,0.1359,0.6797,0.7772,0.2283,551.09,0.7147,0.0627,0.038,0.3723,0.6105,0.4801,0.8777,0.4928
REP00006,Matthew,Watson,Matthew Watson,NovaWireless,General Support,Call Center,Customer Service Representative,False,33,network_service,billing_resolution,tech_support,billing_support,network_service|billing_resolution|generalist,none_flagged,medium,0.1359,0.5567,0.6739,0.277,605.98,0.6452,0.1026,0.1274,0.5,0.5379,0.5459,0.7369,0.6793
REP00007,Claire,Carter,Claire Carter,NovaWireless,General Support,Call Center,Customer Service Representative,False,33,billing_resolution,network_service,billing_support,tech_support,billing_resolution|network_service|generalist,none_flagged,medium,0.1359,0.6169,0.7262,0.269,475.44,0.7503,0.1226,0.0789,0.2739,0.6954,0.3139,0.9536,0.4331
REP00008,Lauren,Murphy,Lauren Murphy,NovaWireless,General Support,Call Center,Customer Service Representative,False,20,billing_resolution,fraud_unwanted_calls,billing_support,fraud_unwanted_calls,billing_resolution|fraud_unwanted_calls|generalist,none_flagged,medium,0.1359,0.7424,0.7498,0.2493,516.21,0.6681,0.01,0.1307,0.2512,0.7465,0.2776,1.0,0.3097
REP00009,William,Gonzalez,William Gonzalez,NovaWireless,General Support,Call Center,Customer Service Representative,False,32,fraud_unwanted_calls,porting_transfer,fraud_unwanted_calls,porting_support,fraud_unwanted_calls|porting_transfer|generalist,none_flagged,medium,0.1359,0.6488,0.6956,0.1674,547.2,0.7427,0.0767,0.0505,0.2037,0.6201,0.3362,1.0,0.3306
REP00010,Emma,Cox,Emma Cox,NovaWireless,General Support,Call Center,Customer Service Representative,False,22,fraud_unwanted_calls,network_service,fraud_unwanted_calls,tech_support,fraud_unwanted_calls|network_service|generalist,none_flagged,medium,0.1359,0.6285,0.6658,0.2963,565.31,0.6474,0.0455,0.0984,0.3929,0.6255,0.5463,0.7538,0.4782
REP00011,Brittany,Ruiz,Brittany Ruiz,NovaWireless,General Support,Call Center,Customer Service Representative,False,32,porting_transfer,billing_resolution,porting_support,billing_support,porting_transfer|billing_resolution|generalist,none_flagged,medium,0.1359,0.7586,0.6458,0.2646,557.92,0.6727,0.0655,0.131,0.3194,0.6712,0.3873,0.9925,0.4529
REP00012,Catherine,Young,Catherine Young,NovaWireless,General Support,Call Center,Customer Service Representative,False,26,device_support,general_support,device_support,general_support,device_support|general_support|generalist,none_flagged,medium,0.1359,0.6381,0.7392,0.2315,541.78,0.7239,0.0524,0.1236,0.366,0.6701,0.397,1.0,0.5267
REP00013,Mateo,Jenkins,Mateo Jenkins,NovaWireless,General Support,Call Center,Customer Service Representative,False,38,general_support,billing_resolution,general_support,billing_support,general_support|billing_resolution|generalist,none_flagged,medium,0.1359,0.6177,0.6225,0.2951,511.36,0.6545,0.2016,0.0837,0.3965,0.5992,0.4262,0.895,0.2631
REP00014,Evelyn,Ortiz,Evelyn Ortiz,NovaWireless,General Support,Call Center,Customer Service Representative,False,28,fraud_unwanted_calls,general_support,fraud_unwanted_calls,general_support,fraud_unwanted_calls|general_support|generalist,none_flagged,medium,0.1359,0.6238,0.6124,0.3217,511.06,0.7302,0.034,0.0505,0.3186,0.5324,0.3901,0.7822,0.4509
REP00015,Diego,Singh,Diego Singh,NovaWireless,General Support,Call Center,Customer Service Representative,False,17,fraud_unwanted_calls,device_support,fraud_unwanted_calls,device_support,fraud_unwanted_calls|device_support|generalist,none_flagged,medium,0.1359,0.5781,0.6168,0.3127,593.45,0.6154,0.1087,0.1507,0.3294,0.5717,0.5759,0.7716,0.5169
REP00016,Maria,Price,Maria Price,NovaWireless,General Support,Call Center,Customer Service Representative,False,37,network_service,porting_transfer,tech_support,porting_support,network_service|porting_transfer|generalist,none_flagged,medium,0.1359,0.6435,0.7111,0.2258,505.22,0.6499,0.0618,0.0644,0.3368,0.6471,0.3856,0.8633,0.3964
REP00017,Jayden,Jenkins,Jayden Jenkins,NovaWireless,General Support,Call Center,Customer Service Representative,False,18,fraud_unwanted_calls,general_support,fraud_unwanted_calls,general_support,fraud_unwanted_calls|general_support|generalist,none_flagged,medium,0.1359,0.6342,0.6106,0.3187,520.76,0.6265,0.0298,0.0713,0.1726,0.6116,0.2832,0.9756,0.4576
REP00018,Brianna,Rogers,Brianna Rogers,NovaWireless,General Support,Call Center,Customer Service Representative,False,38,fraud_unwanted_calls,general_support,fraud_unwanted_calls,general_support,fraud_unwanted_calls|general_support|generalist,none_flagged,medium,0.1359,0.6023,0.6621,0.3066,527.36,0.6854,0.0467,0.0852,0.4345,0.7345,0.3709,0.7789,0.4826
REP00019,Robert,Cooper,Robert Cooper,NovaWireless,General Support,Call Center,Customer Service Representative,False,33,billing_resolution,network_service,billing_support,tech_support,billing_resolution|network_service|generalist,none_flagged,medium,0.1359,0.597,0.6846,0.2676,544.1,0.6577,0.0796,0.1105,0.3625,0.576,0.5905,0.7676,0.4776
REP00020,Mila,Wong,Mila Wong,NovaWireless,General Support,Call Center,Customer Service Representative,False,31,billing_resolution,network_service,billing_support,tech_support,billing_resolution|network_service|generalist,none_flagged,medium,0.1359,0.5736,0.654,0.2551,575.84,0.6279,0.1185,0.0866,0.358,0.5902,0.4863,0.9255,0.3796
REP00021,Naomi,Rodriguez,Naomi Rodriguez,NovaWireless,General Support,Call Center,Customer Service Representative,False,27,network_service,billing_resolution,tech_support,billing_support,network_service|billing_resolution|generalist,none_flagged,medium,0.1359,0.6884,0.6584,0.2489,530.59,0.6559,0.01,0.0392,0.28,0.6354,0.3783,0.8751,0.4246
REP00022,Megan,Jenkins,Megan Jenkins,NovaWireless,General Support,Call Center,Customer Service Representative,False,31,fraud_unwanted_calls,network_service,fraud_unwanted_calls,tech_support,fraud_unwanted_calls|network_service|generalist,none_flagged,medium,0.1359,0.6494,0.6853,0.2443,544.19,0.6965,0.0661,0.142,0.4646,0.7039,0.4401,0.8606,0.5929
REP00023,Ashton,Allen,Ashton Allen,NovaWireless,General Support,Call Center,Customer Service Representative,False,23,network_service,fraud_unwanted_calls,tech_support,fraud_unwanted_calls,network_service|fraud_unwanted_calls|generalist,none_flagged,medium,0.1359,0.6975,0.7603,0.2241,503.62,0.5823,0.0783,0.1608,0.2548,0.7169,0.4677,1.0,0.5881
REP00024,Penelope,Walker,Penelope Walker,NovaWireless,General Support,Call Center,Customer Service Representative,False,45,billing_resolution,device_support,billing_support,device_support,billing_resolution|device_support|generalist,none_flagged,medium,0.1359,0.6072,0.7736,0.1822,531.35,0.6802,0.0684,0.122,0.3423,0.667,0.4167,0.9158,0.5608
REP00025,Finn,Roberts,Finn Roberts,NovaWireless,General Support,Call Center,Customer Service Representative,False,33,device_support,fraud_unwanted_calls,device_support,fraud_unwanted_calls,device_support|fraud_unwanted_calls|generalist,none_flagged,medium,0.1359,0.6809,0.5523,0.3619,556.53,0.652,0.0543,0.1884,0.3572,0.5562,0.5113,0.8106,0.5138
REP00026,Noah,Martinez,Noah Martinez,NovaWireless,General Support,Call Center,Customer Service Representative,False,32,network_service,fraud_unwanted_calls,tech_support,fraud_unwanted_calls,network_service|fraud_unwanted_calls|generalist,none_flagged,medium,0.1359,0.6479,0.7396,0.2734,489.31,0.6608,0.0522,0.0568,0.2901,0.7032,0.3072,0.9311,0.379
REP00027,Courtney,Hall,Courtney Hall,NovaWireless,General Support,Call Center,Customer Service Representative,False,28,fraud_unwanted_calls,general_support,fraud_unwanted_calls,general_support,fraud_unwanted_calls|general_support|generalist,none_flagged,medium,0.1359,0.5367,0.742,0.1933,536.43,0.7065,0.0536,0.1422,0.3286,0.6109,0.3813,1.0,0.4713
REP00028,Caleb,Brooks,Caleb Brooks,NovaWireless,General Support,Call Center,Customer Service Representative,False,28,billing_resolution,device_support,billing_support,device_support,billing_resolution|device_support|generalist,none_flagged,medium,0.1359,0.6757,0.7332,0.2079,544.92,0.6682,0.0562,0.0652,0.385,0.65,0.5262,0.8606,0.5083
REP00029,Tristan,Wright,Tristan Wright,NovaWireless,General Support,Call Center,Customer Service Representative,False,35,device_support,porting_transfer,device_support,porting_support,device_support|porting_transfer|generalist,none_flagged,medium,0.1359,0.5419,0.6522,0.264,544.01,0.6652,0.0846,0.0437,0.3456,0.5708,0.5142,0.7506,0.6017
REP00030,Alexa,Rogers,Alexa Rogers,NovaWireless,General Support,Call Center,Customer Service Representative,False,18,billing_resolution,network_service,billing_support,tech_support,billing_resolution|network_service|generalist,none_flagged,medium,0.1359,0.6013,0.736,0.241,563.59,0.7465,0.01,0.0619,0.308,0.7026,0.451,0.8222,0.3401
REP00031,Elena,Moore,Elena Moore,NovaWireless,General Support,Call Center,Customer Service Representative,False,37,billing_resolution,general_support,billing_support,general_support,billing_resolution|general_support|generalist,none_flagged,medium,0.1359,0.5893,0.6898,0.3018,553.63,0.7415,0.0191,0.0536,0.3291,0.6048,0.4618,0.9085,0.4334
REP00032,Paul,Ward,Paul Ward,NovaWireless,General Support,Call Center,Customer Service Representative,False,38,fraud_unwanted_calls,general_support,fraud_unwanted_calls,general_support,fraud_unwanted_calls|general_support|generalist,none_flagged,medium,0.1359,0.62,0.715,0.2701,566.02,0.6649,0.0318,0.0906,0.4074,0.6847,0.4561,0.8263,0.4334
REP00033,Charles,Green,Charles Green,NovaWireless,General Support,Call Center,Customer Service Representative,False,25,general_support,device_support,general_support,device_support,general_support|device_support|generalist,none_flagged,medium,0.1359,0.6438,0.6637,0.2213,556.32,0.6724,0.066,0.1346,0.2614,0.6104,0.4168,0.9184,0.6199
REP00034,Michelle,James,Michelle James,NovaWireless,General Support,Call Center,Customer Service Representative,False,18,general_support,billing_resolution,general_support,billing_support,general_support|billing_resolution|generalist,none_flagged,medium,0.1359,0.6131,0.7234,0.2354,565.49,0.5728,0.1109,0.0868,0.2248,0.6846,0.5056,0.8252,0.6535
REP00035,Joshua,Miller,Joshua Miller,NovaWireless,General Support,Call Center,Customer Service Representative,False,43,porting_transfer,device_support,porting_support,device_support,porting_transfer|device_support|generalist,none_flagged,medium,0.1359,0.7281,0.6927,0.1831,507.73,0.7112,0.058,0.1221,0.2885,0.6863,0.3523,1.0,0.305
REP00036,Aaliyah,Harris,Aaliyah Harris,NovaWireless,General Support,Call Center,Customer Service Representative,False,40,device_support,billing_resolution,device_support,billing_support,device_support|billing_resolution|generalist,none_flagged,medium,0.1359,0.6375,0.7407,0.2625,536.45,0.7275,0.0812,0.0999,0.3463,0.6475,0.4234,0.82,0.8162
REP00037,Ana,Murphy,Ana Murphy,NovaWireless,General Support,Call Center,Customer Service Representative,False,28,device_support,fraud_unwanted_calls,device_support,fraud_unwanted_calls,device_support|fraud_unwanted_calls|generalist,none_flagged,medium,0.1359,0.5564,0.6789,0.2199,506.11,0.6485,0.0907,0.0435,0.2825,0.6122,0.3821,1.0,0.5716
REP00038,Ariana,Jackson,Ariana Jackson,NovaWireless,General Support,Call Center,Customer Service Representative,False,32,fraud_unwanted_calls,network_service,fraud_unwanted_calls,tech_support,fraud_unwanted_calls|network_service|generalist,none_flagged,medium,0.1359,0.6146,0.6429,0.3108,530.15,0.6942,0.0506,0.1509,0.3158,0.6203,0.4839,0.8822,0.5964
REP00039,Ava,Jones,Ava Jones,NovaWireless,General Support,Call Center,Customer Service Representative,False,20,device_support,fraud_unwanted_calls,device_support,fraud_unwanted_calls,device_support|fraud_unwanted_calls|generalist,none_flagged,medium,0.1359,0.6143,0.8577,0.238,525.21,0.6466,0.035,0.0694,0.2119,0.7208,0.3602,0.9771,0.4597
REP00040,Harper,Cox,Harper Cox,NovaWireless,General Support,Call Center,Customer Service Representative,False,40,fraud_unwanted_calls,device_support,fraud_unwanted_calls,device_support,fraud_unwanted_calls|device_support|generalist,none_flagged,medium,0.1359,0.644,0.6578,0.2454,520.55,0.7343,0.0539,0.1107,0.2208,0.6112,0.3562,1.0,0.2752
REP00041,Elena,Hill,Elena Hill,NovaWireless,General Support,Call Center,Customer Service Representative,False,40,fraud_unwanted_calls,billing_resolution,fraud_unwanted_calls,billing_support,fraud_unwanted_calls|billing_resolution|generalist,none_flagged,medium,0.1359,0.6673,0.7284,0.2743,602.76,0.6111,0.0604,0.0782,0.2849,0.6785,0.4457,0.8503,0.5794
REP00042,Drew,Martinez,Drew Martinez,NovaWireless,General Support,Call Center,Customer Service Representative,False,39,network_service,fraud_unwanted_calls,tech_support,fraud_unwanted_calls,network_service|fraud_unwanted_calls|generalist,none_flagged,medium,0.1359,0.5223,0.6804,0.2685,540.78,0.684,0.1042,0.1087,0.2816,0.6152,0.3737,0.8786,0.2318
REP00043,Mila,Sanchez,Mila Sanchez,NovaWireless,General Support,Call Center,Customer Service Representative,False,28,network_service,fraud_unwanted_calls,tech_support,fraud_unwanted_calls,network_service|fraud_unwanted_calls|generalist,none_flagged,medium,0.1359,0.7358,0.7067,0.2094,556.22,0.6436,0.0715,0.1026,0.3073,0.7088,0.3841,1.0,0.4153
REP00044,Kyle,Ortiz,Kyle Ortiz,NovaWireless,General Support,Call Center,Customer Service Representative,False,34,billing_resolution,general_support,billing_support,general_support,billing_resolution|general_support|generalist,none_flagged,medium,0.1359,0.5106,0.5743,0.3183,542.97,0.7193,0.051,0.0801,0.3936,0.5121,0.57,0.7612,0.6621
REP00045,Hailey,Butler,Hailey Butler,NovaWireless,General Support,Call Center,Customer Service Representative,False,44,network_service,billing_resolution,tech_support,billing_support,network_service|billing_resolution|generalist,none_flagged,medium,0.1359,0.5457,0.6803,0.2321,578.43,0.666,0.0648,0.1116,0.4887,0.5912,0.5436,0.7546,0.6909
REP00046,Ashley,Ortiz,Ashley Ortiz,NovaWireless,General Support,Call Center,Customer Service Representative,False,41,device_support,general_support,device_support,general_support,device_support|general_support|generalist,none_flagged,medium,0.1359,0.6855,0.7185,0.2406,502.81,0.6161,0.01,0.0725,0.3467,0.7006,0.4566,0.886,0.3435
REP00047,Joseph,Morales,Joseph Morales,NovaWireless,General Support,Call Center,Customer Service Representative,False,24,device_support,network_service,device_support,tech_support,device_support|network_service|generalist,none_flagged,medium,0.1359,0.5147,0.7789,0.2244,503.43,0.7651,0.01,0.1685,0.3433,0.6541,0.3276,1.0,0.5094
REP00048,Jaden,Butler,Jaden Butler,NovaWireless,General Support,Call Center,Customer Service Representative,False,38,fraud_unwanted_calls,billing_resolution,fraud_unwanted_calls,billing_support,fraud_unwanted_calls|billing_resolution|generalist,none_flagged,medium,0.1359,0.6227,0.659,0.2484,572.43,0.6492,0.0512,0.0971,0.4114,0.6355,0.4332,0.9108,0.445
REP00049,Liam,Roberts,Liam Roberts,NovaWireless,General Support,Call Center,Customer Service Representative,False,18,fraud_unwanted_calls,network_service,fraud_unwanted_calls,tech_support,fraud_unwanted_calls|network_service|generalist,none_flagged,medium,0.1359,0.5884,0.6494,0.2101,528.72,0.6746,0.1524,0.0736,0.3926,0.5828,0.3986,1.0,0.3191
REP00050,Hailey,Collins,Hailey Collins,NovaWireless,General Support,Call Center,Customer Service Representative,False,39,billing_resolution,network_service,billing_support,tech_support,billing_resolution|network_service|generalist,none_flagged,medium,0.1359,0.6687,0.667,0.2689,578.16,0.673,0.0556,0.1658,0.2543,0.6562,0.4403,0.8312,0.4357
REP00051,Jack,Martinez,Jack Martinez,NovaWireless,General Support,Call Center,Customer Service Representative,False,31,general_support,network_service,general_support,tech_support,general_support|network_service|generalist,none_flagged,medium,0.1359,0.6655,0.7408,0.1775,540.85,0.6661,0.018,0.0717,0.3724,0.6714,0.3843,0.9107,0.5914
REP00052,Amy,Brown,Amy Brown,NovaWireless,General Support,Call Center,Customer Service Representative,False,18,network_service,fraud_unwanted_calls,tech_support,fraud_unwanted_calls,network_service|fraud_unwanted_calls|generalist,none_flagged,medium,0.1359,0.6883,0.651,0.3302,570.4,0.6092,0.0328,0.1548,0.293,0.6527,0.424,1.0,0.4634
REP00053,Michelle,Chen,Michelle Chen,NovaWireless,General Support,Call Center,Customer Service Representative,False,36,billing_resolution,fraud_unwanted_calls,billing_support,fraud_unwanted_calls,billing_resolution|fraud_unwanted_calls|generalist,none_flagged,medium,0.1359,0.5837,0.6498,0.3201,540.62,0.6406,0.1399,0.1062,0.3555,0.5672,0.5234,0.9324,0.6663
REP00054,Cameron,Gonzalez,Cameron Gonzalez,NovaWireless,General Support,Call Center,Customer Service Representative,False,34,device_support,billing_resolution,device_support,billing_support,device_support|billing_resolution|generalist,none_flagged,medium,0.1359,0.7462,0.69,0.24,528.46,0.7099,0.0176,0.1629,0.2896,0.6878,0.3518,0.9039,0.5443
REP00055,Benjamin,Patel,Benjamin Patel,NovaWireless,General Support,Call Center,Customer Service Representative,False,25,billing_resolution,fraud_unwanted_calls,billing_support,fraud_unwanted_calls,billing_resolution|fraud_unwanted_calls|generalist,none_flagged,medium,0.1359,0.5791,0.7505,0.2136,496.6,0.6999,0.0818,0.1234,0.3453,0.7704,0.3832,1.0,0.4967
REP00056,Sophia,Flores,Sophia Flores,NovaWireless,General Support,Call Center,Customer Service Representative,False,30,device_support,fraud_unwanted_calls,device_support,fraud_unwanted_calls,device_support|fraud_unwanted_calls|generalist,none_flagged,medium,0.1359,0.6394,0.8038,0.1824,467.99,0.718,0.0482,0.1018,0.1958,0.7058,0.3361,0.947,0.3958
REP00057,Dylan,Cook,Dylan Cook,NovaWireless,General Support,Call Center,Customer Service Representative,False,36,billing_resolution,fraud_unwanted_calls,billing_support,fraud_unwanted_calls,billing_resolution|fraud_unwanted_calls|generalist,none_flagged,medium,0.1359,0.6327,0.6815,0.2674,491.62,0.7594,0.0499,0.1482,0.3353,0.6312,0.3275,1.0,0.3178
REP00058,Jordan,Collins,Jordan Collins,NovaWireless,General Support,Call Center,Customer Service Representative,False,21,general_support,network_service,general_support,tech_support,general_support|network_service|generalist,none_flagged,medium,0.1359,0.51,0.6655,0.3301,531.69,0.6698,0.0952,0.1892,0.2677,0.6695,0.374,0.8392,0.253
REP00059,Kaitlyn,Cooper,Kaitlyn Cooper,NovaWireless,General Support,Call Center,Customer Service Representative,False,30,network_service,fraud_unwanted_calls,tech_support,fraud_unwanted_calls,network_service|fraud_unwanted_calls|generalist,none_flagged,medium,0.1359,0.7009,0.7227,0.2342,530.44,0.7547,0.0486,0.0525,0.3227,0.706,0.32,1.0,0.3916
REP00060,Noah,Murphy,Noah Murphy,NovaWireless,General Support,Call Center,Customer Service Representative,False,30,billing_resolution,network_service,billing_support,tech_support,billing_resolution|network_service|generalist,none_flagged,medium,0.1359,0.7525,0.7707,0.2681,527.53,0.6443,0.0626,0.1152,0.2528,0.7413,0.468,0.7992,0.8234
REP00061,Henry,Singh,Henry Singh,NovaWireless,General Support,Call Center,Customer Service Representative,False,29,device_support,network_service,device_support,tech_support,device_support|network_service|generalist,none_flagged,medium,0.1359,0.7475,0.707,0.2951,516.48,0.6753,0.0613,0.0431,0.2714,0.7048,0.3882,0.9544,0.2806
REP00062,Anita,Jones,Anita Jones,NovaWireless,General Support,Call Center,Customer Service Representative,False,32,general_support,network_service,general_support,tech_support,general_support|network_service|generalist,none_flagged,medium,0.1359,0.6239,0.7751,0.2271,544.81,0.6755,0.0168,0.1597,0.266,0.6545,0.4387,0.8811,0.4863
REP00063,Eric,James,Eric James,NovaWireless,General Support,Call Center,Customer Service Representative,False,38,billing_resolution,general_support,billing_support,general_support,billing_resolution|general_support|generalist,none_flagged,medium,0.1359,0.6246,0.7458,0.2847,562.55,0.6197,0.0902,0.1054,0.2894,0.6378,0.38,0.9228,0.5288
REP00064,Caleb,Ortiz,Caleb Ortiz,NovaWireless,General Support,Call Center,Customer Service Representative,False,29,fraud_unwanted_calls,billing_resolution,fraud_unwanted_calls,billing_support,fraud_unwanted_calls|billing_resolution|generalist,none_flagged,medium,0.1359,0.5811,0.6882,0.3074,570.13,0.6498,0.0426,0.0904,0.372,0.6357,0.5083,0.8298,0.5344
REP00065,Abigail,Gupta,Abigail Gupta,NovaWireless,General Support,Call Center,Customer Service Representative,False,35,network_service,device_support,tech_support,device_support,network_service|device_support|generalist,none_flagged,medium,0.1359,0.5856,0.7722,0.1716,544.35,0.5768,0.0902,0.1698,0.3628,0.6385,0.5705,0.6849,0.7082
REP00066,Anita,Perez,Anita Perez,NovaWireless,General Support,Call Center,Customer Service Representative,False,26,fraud_unwanted_calls,device_support,fraud_unwanted_calls,device_support,fraud_unwanted_calls|device_support|generalist,none_flagged,medium,0.1359,0.6177,0.7802,0.1565,465.82,0.5999,0.0327,0.01,0.2304,0.7449,0.2477,0.8532,0.2432
REP00067,Alexis,Martin,Alexis Martin,NovaWireless,General Support,Call Center,Customer Service Representative,False,32,fraud_unwanted_calls,billing_resolution,fraud_unwanted_calls,billing_support,fraud_unwanted_calls|billing_resolution|generalist,none_flagged,medium,0.1359,0.6382,0.6862,0.2437,572.72,0.6393,0.0603,0.1384,0.3608,0.5941,0.4314,1.0,0.2337
REP00068,Aaliyah,Watson,Aaliyah Watson,NovaWireless,General Support,Call Center,Customer Service Representative,False,40,billing_resolution,fraud_unwanted_calls,billing_support,fraud_unwanted_calls,billing_resolution|fraud_unwanted_calls|generalist,none_flagged,medium,0.1359,0.7426,0.7787,0.2858,505.32,0.6945,0.0852,0.0979,0.2468,0.7446,0.3428,1.0,0.3222
REP00069,Amy,Collins,Amy Collins,NovaWireless,General Support,Call Center,Customer Service Representative,False,21,fraud_unwanted_calls,billing_resolution,fraud_unwanted_calls,billing_support,fraud_unwanted_calls|billing_resolution|generalist,none_flagged,medium,0.1359,0.6988,0.7216,0.187,568.03,0.7018,0.0517,0.0967,0.3038,0.626,0.4049,0.8146,0.434
REP00070,Mateo,Morgan,Mateo Morgan,NovaWireless,General Support,Call Center,Customer Service Representative,False,42,billing_resolution,fraud_unwanted_calls,billing_support,fraud_unwanted_calls,billing_resolution|fraud_unwanted_calls|generalist,none_flagged,medium,0.1359,0.5764,0.6392,0.2486,496.47,0.7738,0.1047,0.057,0.3038,0.6154,0.4531,0.9694,0.3758
REP00071,Faith,Allen,Faith Allen,NovaWireless,General Support,Call Center,Customer Service Representative,False,37,billing_resolution,fraud_unwanted_calls,billing_support,fraud_unwanted_calls,billing_resolution|fraud_unwanted_calls|generalist,none_flagged,medium,0.1359,0.6467,0.6935,0.2528,519.4,0.6691,0.0496,0.0531,0.2618,0.7222,0.4133,0.9586,0.4565
REP00072,Mia,Richardson,Mia Richardson,NovaWireless,General Support,Call Center,Customer Service Representative,False,32,network_service,fraud_unwanted_calls,tech_support,fraud_unwanted_calls,network_service|fraud_unwanted_calls|generalist,none_flagged,medium,0.1359,0.65,0.7613,0.2548,499.58,0.659,0.0495,0.1098,0.4201,0.7241,0.3436,1.0,0.3569
REP00073,Jennifer,Collins,Jennifer Collins,NovaWireless,General Support,Call Center,Customer Service Representative,False,35,device_support,billing_resolution,device_support,billing_support,device_support|billing_resolution|generalist,none_flagged,medium,0.1359,0.5632,0.745,0.2121,583.03,0.6771,0.0943,0.1089,0.468,0.6529,0.4935,0.7803,0.4837
REP00074,Elizabeth,Wright,Elizabeth Wright,NovaWireless,General Support,Call Center,Customer Service Representative,False,34,fraud_unwanted_calls,billing_resolution,fraud_unwanted_calls,billing_support,fraud_unwanted_calls|billing_resolution|generalist,none_flagged,medium,0.1359,0.6912,0.7631,0.2232,484.07,0.7302,0.01,0.1782,0.1403,0.748,0.3194,0.9805,0.4799
REP00075,Kyle,Hall,Kyle Hall,NovaWireless,General Support,Call Center,Customer Service Representative,False,15,billing_resolution,fraud_unwanted_calls,billing_support,fraud_unwanted_calls,billing_resolution|fraud_unwanted_calls|generalist,none_flagged,medium,0.1359,0.6185,0.6885,0.2515,573.13,0.6944,0.057,0.1067,0.3274,0.6767,0.4431,0.9681,0.4887
REP00076,Angela,Johnson,Angela Johnson,NovaWireless,General Support,Call Center,Customer Service Representative,False,32,network_service,fraud_unwanted_calls,tech_support,fraud_unwanted_calls,network_service|fraud_unwanted_calls|generalist,none_flagged,medium,0.1359,0.5243,0.7039,0.2033,540.72,0.6621,0.1498,0.1108,0.3219,0.6842,0.4961,0.764,0.4645
REP00077,Ashton,Clark,Ashton Clark,NovaWireless,General Support,Call Center,Customer Service Representative,False,28,billing_resolution,network_service,billing_support,tech_support,billing_resolution|network_service|generalist,none_flagged,medium,0.1359,0.6825,0.5806,0.3476,515.8,0.6909,0.01,0.1265,0.3277,0.6166,0.3313,1.0,0.321
REP00078,Dylan,Torres,Dylan Torres,NovaWireless,General Support,Call Center,Customer Service Representative,False,35,network_service,fraud_unwanted_calls,tech_support,fraud_unwanted_calls,network_service|fraud_unwanted_calls|generalist,none_flagged,medium,0.1359,0.5936,0.7098,0.3061,578.09,0.6394,0.0909,0.0828,0.3197,0.6156,0.5367,0.9297,0.4432
REP00079,James,Kelley,James Kelley,NovaWireless,General Support,Call Center,Customer Service Representative,False,30,billing_resolution,network_service,billing_support,tech_support,billing_resolution|network_service|generalist,none_flagged,medium,0.1359,0.6113,0.6891,0.2523,524.32,0.7287,0.0672,0.0351,0.2665,0.6035,0.3277,0.9058,0.3893
REP00080,Maya,Baker,Maya Baker,NovaWireless,General Support,Call Center,Customer Service Representative,False,24,device_support,fraud_unwanted_calls,device_support,fraud_unwanted_calls,device_support|fraud_unwanted_calls|generalist,none_flagged,medium,0.1359,0.5948,0.8528,0.0882,514.0,0.6269,0.1234,0.1274,0.2507,0.7217,0.3773,0.9998,0.4127
REP00081,Hayden,Anderson,Hayden Anderson,NovaWireless,General Support,Call Center,Customer Service Representative,False,22,fraud_unwanted_calls,billing_resolution,fraud_unwanted_calls,billing_support,fraud_unwanted_calls|billing_resolution|generalist,none_flagged,medium,0.1359,0.5917,0.7557,0.2622,527.26,0.6885,0.1108,0.1932,0.3007,0.6364,0.4458,0.8761,0.4126
REP00082,Jason,Ross,Jason Ross,NovaWireless,General Support,Call Center,Customer Service Representative,False,28,billing_resolution,network_service,billing_support,tech_support,billing_resolution|network_service|generalist,none_flagged,medium,0.1359,0.6265,0.6969,0.2977,608.08,0.613,0.0257,0.1218,0.3183,0.5907,0.5312,0.8425,0.475
REP00083,William,Thomas,William Thomas,NovaWireless,General Support,Call Center,Customer Service Representative,False,22,device_support,general_support,device_support,general_support,device_support|general_support|generalist,none_flagged,medium,0.1359,0.5591,0.6454,0.2703,500.89,0.7277,0.0812,0.1363,0.3591,0.605,0.3772,0.9434,0.2864
REP00084,Michelle,Ortiz,Michelle Ortiz,NovaWireless,General Support,Call Center,Customer Service Representative,False,30,network_service,fraud_unwanted_calls,tech_support,fraud_unwanted_calls,network_service|fraud_unwanted_calls|generalist,none_flagged,medium,0.1359,0.7448,0.7069,0.1861,513.26,0.6968,0.0167,0.0532,0.2716,0.7102,0.3895,0.9758,0.5055
REP00085,Taylor,Watson,Taylor Watson,NovaWireless,General Support,Call Center,Customer Service Representative,False,29,billing_resolution,general_support,billing_support,general_support,billing_resolution|general_support|generalist,none_flagged,medium,0.1359,0.6491,0.6939,0.2333,525.09,0.6387,0.0801,0.0573,0.4119,0.602,0.405,0.9505,0.5278
REP00086,Zoe,Carter,Zoe Carter,NovaWireless,General Support,Call Center,Customer Service Representative,False,36,billing_resolution,device_support,billing_support,device_support,billing_resolution|device_support|generalist,none_flagged,medium,0.1359,0.5635,0.7271,0.2387,583.15,0.6434,0.1386,0.0924,0.4093,0.5629,0.5201,0.7539,0.6292
REP00087,Ari,Turner,Ari Turner,NovaWireless,General Support,Call Center,Customer Service Representative,False,32,porting_transfer,network_service,porting_support,tech_support,porting_transfer|network_service|generalist,none_flagged,medium,0.1359,0.5937,0.5863,0.3471,579.19,0.7832,0.1093,0.1331,0.2369,0.5694,0.4666,0.8229,0.5373
REP00088,Sophia,Howard,Sophia Howard,NovaWireless,General Support,Call Center,Customer Service Representative,False,30,billing_resolution,porting_transfer,billing_support,porting_support,billing_resolution|porting_transfer|generalist,none_flagged,medium,0.1359,0.6241,0.7245,0.2723,517.12,0.7146,0.0782,0.01,0.2676,0.7474,0.3458,0.8664,0.4655
REP00089,Ashton,Castillo,Ashton Castillo,NovaWireless,General Support,Call Center,Customer Service Representative,False,41,fraud_unwanted_calls,general_support,fraud_unwanted_calls,general_support,fraud_unwanted_calls|general_support|generalist,none_flagged,medium,0.1359,0.6979,0.6493,0.3575,529.19,0.6539,0.0906,0.0292,0.3825,0.6861,0.4478,0.9209,0.5191
REP00090,Mia,Roberts,Mia Roberts,NovaWireless,General Support,Call Center,Customer Service Representative,False,32,network_service,fraud_unwanted_calls,tech_support,fraud_unwanted_calls,network_service|fraud_unwanted_calls|generalist,none_flagged,medium,0.1359,0.6417,0.8013,0.232,543.91,0.6841,0.0296,0.1307,0.3834,0.6711,0.3946,0.8963,0.288
REP00091,Andrew,Alvarez,Andrew Alvarez,NovaWireless,General Support,Call Center,Customer Service Representative,False,31,network_service,billing_resolution,tech_support,billing_support,network_service|billing_resolution|generalist,none_flagged,medium,0.1359,0.5688,0.6136,0.2735,585.37,0.6319,0.1075,0.2015,0.3644,0.5038,0.5559,0.7771,0.5424
REP00092,Drew,Campbell,Drew Campbell,NovaWireless,General Support,Call Center,Customer Service Representative,False,24,general_support,billing_resolution,general_support,billing_support,general_support|billing_resolution|generalist,none_flagged,medium,0.1359,0.7412,0.6496,0.3092,563.28,0.67,0.0894,0.0488,0.2356,0.7116,0.4954,0.8048,0.7669
REP00093,Lucas,Kelley,Lucas Kelley,NovaWireless,General Support,Call Center,Customer Service Representative,False,37,billing_resolution,general_support,billing_support,general_support,billing_resolution|general_support|generalist,none_flagged,medium,0.1359,0.6659,0.7273,0.2295,516.48,0.669,0.0877,0.1113,0.4291,0.6897,0.504,0.8828,0.6296
REP00094,William,Bell,William Bell,NovaWireless,General Support,Call Center,Customer Service Representative,False,37,billing_resolution,device_support,billing_support,device_support,billing_resolution|device_support|generalist,none_flagged,medium,0.1359,0.5474,0.7426,0.2351,537.53,0.6604,0.0418,0.0741,0.442,0.6423,0.4401,0.7059,0.6119
REP00095,Abigail,Jenkins,Abigail Jenkins,NovaWireless,General Support,Call Center,Customer Service Representative,False,30,billing_resolution,device_support,billing_support,device_support,billing_resolution|device_support|generalist,none_flagged,medium,0.1359,0.782,0.7766,0.2766,539.26,0.7469,0.1115,0.0652,0.1444,0.7839,0.4086,0.7434,0.2795
REP00096,Gabriella,Young,Gabriella Young,NovaWireless,General Support,Call Center,Customer Service Representative,False,37,fraud_unwanted_calls,general_support,fraud_unwanted_calls,general_support,fraud_unwanted_calls|general_support|generalist,none_flagged,medium,0.1359,0.7595,0.7122,0.2762,478.86,0.7003,0.0788,0.0446,0.2414,0.7422,0.3025,1.0,0.4379
REP00097,Jamie,Parker,Jamie Parker,NovaWireless,General Support,Call Center,Customer Service Representative,False,35,billing_resolution,fraud_unwanted_calls,billing_support,fraud_unwanted_calls,billing_resolution|fraud_unwanted_calls|generalist,none_flagged,medium,0.1359,0.7334,0.7457,0.2358,552.54,0.7261,0.0443,0.1148,0.44,0.6513,0.4488,0.8952,0.3872
REP00098,Grace,Chen,Grace Chen,NovaWireless,General Support,Call Center,Customer Service Representative,False,33,billing_resolution,network_service,billing_support,tech_support,billing_resolution|network_service|generalist,none_flagged,medium,0.1359,0.6893,0.7235,0.2784,519.19,0.7645,0.01,0.0791,0.3216,0.6761,0.2805,0.9689,0.2624
REP00099,Jada,Wong,Jada Wong,NovaWireless,General Support,Call Center,Customer Service Representative,False,30,network_service,fraud_unwanted_calls,tech_support,fraud_unwanted_calls,network_service|fraud_unwanted_calls|generalist,none_flagged,medium,0.1359,0.7055,0.7199,0.2439,513.23,0.7173,0.0979,0.035,0.2778,0.6822,0.3829,0.8931,0.6558
REP00100,Chloe,Davis,Chloe Davis,NovaWireless,General Support,Call Center,Customer Service Representative,False,35,billing_resolution,fraud_unwanted_calls,billing_support,fraud_unwanted_calls,billing_resolution|fraud_unwanted_calls|generalist,none_flagged,medium,0.1359,0.7594,0.7519,0.1085,519.22,0.6452,0.01,0.1502,0.249,0.7497,0.3737,0.9137,0.2998
REP00101,Carmen,Rivera,Carmen Rivera,NovaWireless,General Support,Call Center,Customer Service Representative,False,36,network_service,billing_resolution,tech_support,billing_support,network_service|billing_resolution|generalist,none_flagged,medium,0.1359,0.6433,0.8353,0.1982,483.2,0.6892,0.0379,0.0381,0.2527,0.7467,0.2414,1.0,0.3118
REP00102,Aaliyah,Taylor,Aaliyah Taylor,NovaWireless,General Support,Call Center,Customer Service Representative,False,46,porting_transfer,fraud_unwanted_calls,porting_support,fraud_unwanted_calls,porting_transfer|fraud_unwanted_calls|generalist,none_flagged,medium,0.1359,0.5408,0.6923,0.2369,544.69,0.6352,0.0984,0.1136,0.3424,0.6106,0.4261,0.7296,0.5425
REP00103,Jaden,Miller,Jaden Miller,NovaWireless,General Support,Call Center,Customer Service Representative,False,40,network_service,porting_transfer,tech_support,porting_support,network_service|porting_transfer|generalist,none_flagged,medium,0.1359,0.6257,0.7394,0.1742,561.87,0.6474,0.0806,0.0699,0.3202,0.6362,0.3809,0.8249,0.2084
REP00104,Taylor,Cruz,Taylor Cruz,NovaWireless,General Support,Call Center,Customer Service Representative,False,35,network_service,fraud_unwanted_calls,tech_support,fraud_unwanted_calls,network_service|fraud_unwanted_calls|generalist,none_flagged,medium,0.1359,0.6231,0.8028,0.1687,485.57,0.7431,0.1772,0.1326,0.209,0.7102,0.3143,0.9673,0.5324
REP00105,Kimberly,Nelson,Kimberly Nelson,NovaWireless,General Support,Call Center,Customer Service Representative,False,32,general_support,billing_resolution,general_support,billing_support,general_support|billing_resolution|generalist,none_flagged,medium,0.1359,0.6451,0.6696,0.2771,509.38,0.6064,0.0421,0.0468,0.3456,0.6903,0.3553,0.8685,0.6562
REP00106,Evelyn,Butler,Evelyn Butler,NovaWireless,General Support,Call Center,Customer Service Representative,False,36,fraud_unwanted_calls,general_support,fraud_unwanted_calls,general_support,fraud_unwanted_calls|general_support|generalist,none_flagged,medium,0.1359,0.6619,0.7539,0.2331,510.15,0.6964,0.0604,0.1594,0.2488,0.6404,0.2185,0.9731,0.3618
REP00107,Madison,Moore,Madison Moore,NovaWireless,General Support,Call Center,Customer Service Representative,False,38,general_support,billing_resolution,general_support,billing_support,general_support|billing_resolution|generalist,none_flagged,medium,0.1359,0.7118,0.8154,0.145,526.38,0.7276,0.0562,0.0972,0.2087,0.7099,0.3554,0.994,0.2313
REP00108,Diego,Bell,Diego Bell,NovaWireless,General Support,Call Center,Customer Service Representative,False,26,device_support,general_support,device_support,general_support,device_support|general_support|generalist,none_flagged,medium,0.1359,0.672,0.7222,0.2563,539.97,0.6736,0.039,0.0949,0.3491,0.641,0.4555,0.8581,0.3245
REP00109,Logan,Lee,Logan Lee,NovaWireless,General Support,Call Center,Customer Service Representative,False,30,billing_resolution,general_support,billing_support,general_support,billing_resolution|general_support|generalist,none_flagged,medium,0.1359,0.6974,0.7045,0.2682,529.6,0.656,0.01,0.1183,0.3612,0.6685,0.4569,0.9459,0.5169
REP00110,Jaden,Bell,Jaden Bell,NovaWireless,General Support,Call Center,Customer Service Representative,False,34,billing_resolution,network_service,billing_support,tech_support,billing_resolution|network_service|generalist,none_flagged,medium,0.1359,0.6644,0.7509,0.2803,535.26,0.6322,0.0933,0.1384,0.27,0.6147,0.4371,0.856,0.3388
REP00111,Jamie,Richardson,Jamie Richardson,NovaWireless,General Support,Call Center,Customer Service Representative,False,38,billing_resolution,network_service,billing_support,tech_support,billing_resolution|network_service|generalist,none_flagged,medium,0.1359,0.7417,0.7081,0.2715,544.2,0.6889,0.1029,0.1195,0.277,0.674,0.4668,0.7987,0.4878
REP00112,Eli,Lopez,Eli Lopez,NovaWireless,General Support,Call Center,Customer Service Representative,False,40,fraud_unwanted_calls,device_support,fraud_unwanted_calls,device_support,fraud_unwanted_calls|device_support|generalist,none_flagged,medium,0.1359,0.5633,0.6526,0.2792,577.04,0.6936,0.0253,0.0823,0.3807,0.592,0.5037,0.8096,0.5113
REP00113,Jessica,Wong,Jessica Wong,NovaWireless,General Support,Call Center,Customer Service Representative,False,42,general_support,fraud_unwanted_calls,general_support,fraud_unwanted_calls,general_support|fraud_unwanted_calls|generalist,none_flagged,medium,0.1359,0.5961,0.7754,0.2625,501.87,0.7085,0.146,0.1311,0.3706,0.7559,0.3373,1.0,0.332
REP00114,Gabriella,Ruiz,Gabriella Ruiz,NovaWireless,General Support,Call Center,Customer Service Representative,False,16,billing_resolution,network_service,billing_support,tech_support,billing_resolution|network_service|generalist,none_flagged,medium,0.1359,0.5225,0.6121,0.281,575.56,0.7948,0.0947,0.1082,0.3578,0.5593,0.4376,0.9341,0.5186
REP00115,Finn,Cruz,Finn Cruz,NovaWireless,General Support,Call Center,Customer Service Representative,False,28,billing_resolution,general_support,billing_support,general_support,billing_resolution|general_support|generalist,none_flagged,medium,0.1359,0.7641,0.7363,0.2994,565.94,0.7441,0.1248,0.1046,0.2828,0.6737,0.3889,0.8352,0.4086
REP00116,Olivia,Bell,Olivia Bell,NovaWireless,General Support,Call Center,Customer Service Representative,False,34,network_service,fraud_unwanted_calls,tech_support,fraud_unwanted_calls,network_service|fraud_unwanted_calls|generalist,none_flagged,medium,0.1359,0.6174,0.7045,0.2337,508.59,0.7721,0.1037,0.0388,0.3141,0.6629,0.3285,0.8946,0.2959
REP00117,Jayden,Hill,Jayden Hill,NovaWireless,General Support,Call Center,Customer Service Representative,False,38,billing_resolution,network_service,billing_support,tech_support,billing_resolution|network_service|generalist,none_flagged,medium,0.1359,0.5286,0.7589,0.2141,553.56,0.7068,0.0446,0.1353,0.3563,0.6158,0.4015,0.9254,0.778
REP00118,Alexis,Allen,Alexis Allen,NovaWireless,General Support,Call Center,Customer Service Representative,False,34,device_support,network_service,device_support,tech_support,device_support|network_service|generalist,none_flagged,medium,0.1359,0.6711,0.8053,0.157,488.16,0.8108,0.0707,0.0924,0.1657,0.7466,0.3241,0.901,0.4739
REP00119,Jada,Wilson,Jada Wilson,NovaWireless,General Support,Call Center,Customer Service Representative,False,27,fraud_unwanted_calls,billing_resolution,fraud_unwanted_calls,billing_support,fraud_unwanted_calls|billing_resolution|generalist,none_flagged,medium,0.1359,0.704,0.6606,0.2599,536.61,0.6631,0.1115,0.0704,0.2424,0.6124,0.462,0.8824,0.5573
REP00120,Michael,Rodriguez,Michael Rodriguez,NovaWireless,General Support,Call Center,Customer Service Representative,False,57,billing_resolution,network_service,billing_support,tech_support,billing_resolution|network_service|generalist,none_flagged,medium,0.1359,0.7182,0.7278,0.214,536.68,0.5743,0.0466,0.0326,0.3671,0.6247,0.5107,0.8634,0.2818
REP00121,Parker,Rogers,Parker Rogers,NovaWireless,General Support,Call Center,Customer Service Representative,False,31,network_service,general_support,tech_support,general_support,network_service|general_support|generalist,none_flagged,medium,0.1359,0.6319,0.6824,0.2261,514.27,0.6522,0.1034,0.1331,0.3622,0.6383,0.364,0.8905,0.4813
REP00122,Jayden,Castillo,Jayden Castillo,NovaWireless,General Support,Call Center,Customer Service Representative,False,34,billing_resolution,fraud_unwanted_calls,billing_support,fraud_unwanted_calls,billing_resolution|fraud_unwanted_calls|generalist,none_flagged,medium,0.1359,0.6564,0.6598,0.2679,599.11,0.6096,0.1258,0.0673,0.4047,0.6348,0.5276,0.8828,0.4519
REP00123,Brianna,Castillo,Brianna Castillo,NovaWireless,General Support,Call Center,Customer Service Representative,False,38,fraud_unwanted_calls,network_service,fraud_unwanted_calls,tech_support,fraud_unwanted_calls|network_service|generalist,none_flagged,medium,0.1359,0.7403,0.7102,0.2413,485.77,0.6865,0.0387,0.0806,0.1929,0.6714,0.3801,1.0,0.4663
REP00124,Sophia,Davis,Sophia Davis,NovaWireless,General Support,Call Center,Customer Service Representative,False,37,fraud_unwanted_calls,device_support,fraud_unwanted_calls,device_support,fraud_unwanted_calls|device_support|generalist,none_flagged,medium,0.1359,0.6182,0.6673,0.2745,563.85,0.6299,0.0439,0.1534,0.416,0.6012,0.5118,0.717,0.4922
REP00125,Julian,Castillo,Julian Castillo,NovaWireless,General Support,Call Center,Customer Service Representative,False,31,network_service,general_support,tech_support,general_support,network_service|general_support|generalist,none_flagged,medium,0.1359,0.6175,0.5922,0.3717,549.25,0.645,0.0706,0.1348,0.2583,0.5738,0.4308,0.8364,0.5385
REP00126,Cole,Wilson,Cole Wilson,NovaWireless,General Support,Call Center,Customer Service Representative,False,25,network_service,billing_resolution,tech_support,billing_support,network_service|billing_resolution|generalist,none_flagged,medium,0.1359,0.5879,0.7282,0.2408,576.11,0.668,0.1777,0.1614,0.3988,0.6616,0.5225,1.0,0.6318
REP00127,Christina,Patel,Christina Patel,NovaWireless,General Support,Call Center,Customer Service Representative,False,22,billing_resolution,network_service,billing_support,tech_support,billing_resolution|network_service|generalist,none_flagged,medium,0.1359,0.6783,0.694,0.2435,514.13,0.7547,0.023,0.0873,0.2325,0.7032,0.3059,1.0,0.3063
REP00128,Emma,Anderson,Emma Anderson,NovaWireless,General Support,Call Center,Customer Service Representative,False,34,general_support,device_support,general_support,device_support,general_support|device_support|generalist,none_flagged,medium,0.1359,0.6963,0.8,0.2298,570.72,0.6683,0.0876,0.0496,0.3093,0.736,0.4543,0.9735,0.5344
REP00129,Katherine,Thompson,Katherine Thompson,NovaWireless,General Support,Call Center,Customer Service Representative,False,24,fraud_unwanted_calls,billing_resolution,fraud_unwanted_calls,billing_support,fraud_unwanted_calls|billing_resolution|generalist,none_flagged,medium,0.1359,0.5711,0.7523,0.2495,531.3,0.6735,0.057,0.0817,0.3366,0.6525,0.4724,0.7848,0.5163
REP00130,Tristan,Anderson,Tristan Anderson,NovaWireless,General Support,Call Center,Customer Service Representative,False,25,fraud_unwanted_calls,network_service,fraud_unwanted_calls,tech_support,fraud_unwanted_calls|network_service|generalist,none_flagged,medium,0.1359,0.713,0.7354,0.1906,538.63,0.7193,0.1324,0.0298,0.2663,0.6665,0.2798,0.9575,0.4128
REP00131,Catherine,Diaz,Catherine Diaz,NovaWireless,General Support,Call Center,Customer Service Representative,False,24,billing_resolution,general_support,billing_support,general_support,billing_resolution|general_support|generalist,none_flagged,medium,0.1359,0.6184,0.6742,0.2997,597.93,0.7017,0.1204,0.0751,0.2544,0.5994,0.4815,0.8869,0.596
REP00132,Jace,Jackson,Jace Jackson,NovaWireless,General Support,Call Center,Customer Service Representative,False,34,porting_transfer,billing_resolution,porting_support,billing_support,porting_transfer|billing_resolution|generalist,none_flagged,medium,0.1359,0.6062,0.6177,0.3258,527.88,0.6601,0.0599,0.053,0.3178,0.6158,0.4443,0.8416,0.3856
REP00133,Nicholas,Lee,Nicholas Lee,NovaWireless,General Support,Call Center,Customer Service Representative,False,34,device_support,billing_resolution,device_support,billing_support,device_support|billing_resolution|generalist,none_flagged,medium,0.1359,0.7055,0.757,0.2269,484.46,0.6993,0.0713,0.0301,0.345,0.6723,0.4016,0.8792,0.5434
REP00134,Laura,Kaur,Laura Kaur,NovaWireless,General Support,Call Center,Customer Service Representative,False,32,billing_resolution,device_support,billing_support,device_support,billing_resolution|device_support|generalist,none_flagged,medium,0.1359,0.7128,0.7534,0.1806,550.31,0.6427,0.0591,0.0799,0.335,0.6992,0.4024,0.8486,0.5136
REP00135,Jason,Kaur,Jason Kaur,NovaWireless,General Support,Call Center,Customer Service Representative,False,17,device_support,fraud_unwanted_calls,device_support,fraud_unwanted_calls,device_support|fraud_unwanted_calls|generalist,none_flagged,medium,0.1359,0.6116,0.7495,0.1859,559.72,0.6297,0.1245,0.0782,0.3406,0.5838,0.4681,1.0,0.5438
REP00136,Natalie,Cook,Natalie Cook,NovaWireless,General Support,Call Center,Customer Service Representative,False,22,billing_resolution,fraud_unwanted_calls,billing_support,fraud_unwanted_calls,billing_resolution|fraud_unwanted_calls|generalist,none_flagged,medium,0.1359,0.5976,0.5446,0.3646,573.99,0.6375,0.0997,0.1518,0.3654,0.498,0.5702,0.7124,0.5322
REP00137,Ava,Alvarez,Ava Alvarez,NovaWireless,General Support,Call Center,Customer Service Representative,False,23,billing_resolution,general_support,billing_support,general_support,billing_resolution|general_support|generalist,none_flagged,medium,0.1359,0.6887,0.7874,0.1595,537.68,0.7683,0.0608,0.1002,0.2724,0.7281,0.3294,1.0,0.3168
REP00138,Nathan,Carter,Nathan Carter,NovaWireless,General Support,Call Center,Customer Service Representative,False,19,fraud_unwanted_calls,billing_resolution,fraud_unwanted_calls,billing_support,fraud_unwanted_calls|billing_resolution|generalist,none_flagged,medium,0.1359,0.6168,0.4938,0.3422,531.8,0.5789,0.1211,0.1321,0.2967,0.5458,0.4754,0.7143,0.5232
REP00139,Michael,Murphy,Michael Murphy,NovaWireless,General Support,Call Center,Customer Service Representative,False,30,billing_resolution,network_service,billing_support,tech_support,billing_resolution|network_service|generalist,none_flagged,medium,0.1359,0.6364,0.7036,0.2838,567.6,0.6034,0.0623,0.1238,0.3783,0.5893,0.5263,0.8333,0.6709
REP00140,Jack,Butler,Jack Butler,NovaWireless,General Support,Call Center,Customer Service Representative,False,27,network_service,device_support,tech_support,device_support,network_service|device_support|generalist,none_flagged,medium,0.1359,0.6637,0.7895,0.1696,543.91,0.6587,0.0381,0.1068,0.3503,0.688,0.39,0.9081,0.5
REP00141,Jason,Rivera,Jason Rivera,NovaWireless,General Support,Call Center,Customer Service Representative,False,25,billing_resolution,general_support,billing_support,general_support,billing_resolution|general_support|generalist,none_flagged,medium,0.1359,0.6574,0.7965,0.1653,527.1,0.5574,0.0325,0.1641,0.2474,0.6895,0.4852,0.8389,0.4244
REP00142,Laura,Williams,Laura Williams,NovaWireless,General Support,Call Center,Customer Service Representative,False,34,billing_resolution,fraud_unwanted_calls,billing_support,fraud_unwanted_calls,billing_resolution|fraud_unwanted_calls|generalist,none_flagged,medium,0.1359,0.661,0.6836,0.213,519.58,0.6691,0.0646,0.0376,0.3196,0.6721,0.3977,0.9431,0.4677
REP00143,Claire,Nguyen,Claire Nguyen,NovaWireless,General Support,Call Center,Customer Service Representative,False,31,network_service,billing_resolution,tech_support,billing_support,network_service|billing_resolution|generalist,none_flagged,medium,0.1359,0.675,0.8501,0.2043,562.72,0.6702,0.0493,0.1081,0.3384,0.6963,0.4044,0.9837,0.4352
REP00144,Brianna,Bell,Brianna Bell,NovaWireless,General Support,Call Center,Customer Service Representative,False,23,fraud_unwanted_calls,general_support,fraud_unwanted_calls,general_support,fraud_unwanted_calls|general_support|generalist,none_flagged,medium,0.1359,0.5092,0.7594,0.2066,533.12,0.6421,0.0952,0.0613,0.2539,0.6316,0.4459,0.9565,0.4264
REP00145,Julian,Diaz,Julian Diaz,NovaWireless,General Support,Call Center,Customer Service Representative,False,38,network_service,porting_transfer,tech_support,porting_support,network_service|porting_transfer|generalist,none_flagged,medium,0.1359,0.6654,0.6605,0.2183,478.87,0.7196,0.0336,0.1606,0.4449,0.6673,0.4455,0.904,0.5892
REP00146,Ariana,Mitchell,Ariana Mitchell,NovaWireless,General Support,Call Center,Customer Service Representative,False,24,device_support,billing_resolution,device_support,billing_support,device_support|billing_resolution|generalist,none_flagged,medium,0.1359,0.6167,0.6825,0.3092,542.67,0.6479,0.0713,0.0615,0.2814,0.6902,0.3105,0.9566,0.3184
REP00147,Jason,Brown,Jason Brown,NovaWireless,General Support,Call Center,Customer Service Representative,False,26,billing_resolution,fraud_unwanted_calls,billing_support,fraud_unwanted_calls,billing_resolution|fraud_unwanted_calls|generalist,none_flagged,medium,0.1359,0.693,0.6882,0.2608,535.68,0.6311,0.058,0.0977,0.3879,0.7255,0.3431,0.9085,0.5607
REP00148,Anna,Castillo,Anna Castillo,NovaWireless,General Support,Call Center,Customer Service Representative,False,26,billing_resolution,fraud_unwanted_calls,billing_support,fraud_unwanted_calls,billing_resolution|fraud_unwanted_calls|generalist,none_flagged,medium,0.1359,0.6894,0.6219,0.3539,542.72,0.6847,0.0654,0.1466,0.2878,0.5906,0.4753,0.8615,0.3963
REP00149,Gabriel,Jones,Gabriel Jones,NovaWireless,General Support,Call Center,Customer Service Representative,False,34,fraud_unwanted_calls,billing_resolution,fraud_unwanted_calls,billing_support,fraud_unwanted_calls|billing_resolution|generalist,none_flagged,medium,0.1359,0.6815,0.6273,0.3122,501.53,0.7205,0.0692,0.075,0.2429,0.6406,0.3491,1.0,0.0824
REP00150,Danielle,Gupta,Danielle Gupta,NovaWireless,General Support,Call Center,Customer Service Representative,False,50,billing_resolution,network_service,billing_support,tech_support,billing_resolution|network_service|generalist,none_flagged,medium,0.1359,0.6251,0.8,0.2229,581.57,0.6871,0.0411,0.0519,0.3191,0.6017,0.4462,0.8545,0.3938
REP00151,Adam,Nguyen,Adam Nguyen,NovaWireless,General Support,Call Center,Customer Service Representative,False,23,billing_resolution,network_service,billing_support,tech_support,billing_resolution|network_service|generalist,none_flagged,medium,0.1359,0.6811,0.6544,0.2808,534.69,0.7686,0.1156,0.0812,0.3744,0.6526,0.3555,0.9143,0.7211
REP00152,Daisy,Morgan,Daisy Morgan,NovaWireless,General Support,Call Center,Customer Service Representative,False,31,fraud_unwanted_calls,porting_transfer,fraud_unwanted_calls,porting_support,fraud_unwanted_calls|porting_transfer|generalist,none_flagged,medium,0.1359,0.6126,0.7708,0.1742,563.72,0.7535,0.1072,0.0405,0.2956,0.6858,0.4333,0.8896,0.5945
REP00153,Liam,Campbell,Liam Campbell,NovaWireless,General Support,Call Center,Customer Service Representative,False,28,network_service,billing_resolution,tech_support,billing_support,network_service|billing_resolution|generalist,none_flagged,medium,0.1359,0.5119,0.6003,0.3178,529.51,0.6244,0.01,0.1099,0.2829,0.527,0.4174,0.7871,0.2626
REP00154,Kevin,Harris,Kevin Harris,NovaWireless,General Support,Call Center,Customer Service Representative,False,40,general_support,fraud_unwanted_calls,general_support,fraud_unwanted_calls,general_support|fraud_unwanted_calls|generalist,none_flagged,medium,0.1359,0.6438,0.6752,0.2736,535.69,0.6388,0.1291,0.0594,0.3436,0.5855,0.4478,0.7951,0.437
REP00155,Thomas,Brooks,Thomas Brooks,NovaWireless,General Support,Call Center,Customer Service Representative,False,36,billing_resolution,porting_transfer,billing_support,porting_support,billing_resolution|porting_transfer|generalist,none_flagged,medium,0.1359,0.5231,0.6053,0.3223,585.84,0.5812,0.0881,0.1616,0.4088,0.5473,0.5719,0.8463,0.3996
REP00156,Quinn,Hall,Quinn Hall,NovaWireless,General Support,Call Center,Customer Service Representative,False,25,fraud_unwanted_calls,device_support,fraud_unwanted_calls,device_support,fraud_unwanted_calls|device_support|generalist,none_flagged,medium,0.1359,0.6568,0.6413,0.2809,539.17,0.7224,0.0479,0.0997,0.2864,0.6008,0.4597,0.7324,0.5492
REP00157,Henry,Jackson,Henry Jackson,NovaWireless,General Support,Call Center,Customer Service Representative,False,32,fraud_unwanted_calls,porting_transfer,fraud_unwanted_calls,porting_support,fraud_unwanted_calls|porting_transfer|generalist,none_flagged,medium,0.1359,0.6002,0.6977,0.3305,497.54,0.7001,0.0487,0.1087,0.3077,0.6623,0.3745,0.9719,0.4689
REP00158,Mia,Parker,Mia Parker,NovaWireless,General Support,Call Center,Customer Service Representative,False,34,fraud_unwanted_calls,general_support,fraud_unwanted_calls,general_support,fraud_unwanted_calls|general_support|generalist,none_flagged,medium,0.1359,0.6427,0.559,0.3142,570.5,0.6237,0.12,0.124,0.368,0.5981,0.5751,0.8575,0.4523
REP00159,Hazel,Martinez,Hazel Martinez,NovaWireless,General Support,Call Center,Customer Service Representative,False,39,fraud_unwanted_calls,general_support,fraud_unwanted_calls,general_support,fraud_unwanted_calls|general_support|generalist,none_flagged,medium,0.1359,0.6087,0.5445,0.3122,493.38,0.6756,0.0499,0.1675,0.2556,0.6549,0.422,0.8412,0.5535
REP00160,Jasmine,Gupta,Jasmine Gupta,NovaWireless,General Support,Call Center,Customer Service Representative,False,30,billing_resolution,network_service,billing_support,tech_support,billing_resolution|network_service|generalist,none_flagged,medium,0.1359,0.5473,0.6826,0.2341,560.5,0.5856,0.0432,0.1678,0.3075,0.5982,0.4645,0.7187,0.4391
REP00161,Carmen,Miller,Carmen Miller,NovaWireless,General Support,Call Center,Customer Service Representative,False,14,billing_resolution,general_support,billing_support,general_support,billing_resolution|general_support|generalist,none_flagged,medium,0.1359,0.6773,0.7502,0.2333,490.98,0.7049,0.0856,0.01,0.2409,0.6882,0.3154,1.0,0.6531
REP00162,Tristan,Perez,Tristan Perez,NovaWireless,General Support,Call Center,Customer Service Representative,False,34,billing_resolution,fraud_unwanted_calls,billing_support,fraud_unwanted_calls,billing_resolution|fraud_unwanted_calls|generalist,none_flagged,medium,0.1359,0.6162,0.6753,0.2763,560.2,0.7131,0.0278,0.095,0.36,0.5785,0.457,0.9477,0.627
REP00163,Dylan,Perez,Dylan Perez,NovaWireless,General Support,Call Center,Customer Service Representative,False,23,billing_resolution,network_service,billing_support,tech_support,billing_resolution|network_service|generalist,none_flagged,medium,0.1359,0.6224,0.6846,0.2173,585.14,0.6471,0.0807,0.1119,0.3139,0.6131,0.4804,0.8129,0.7188
REP00164,Jonathan,Hughes,Jonathan Hughes,NovaWireless,General Support,Call Center,Customer Service Representative,False,23,general_support,billing_resolution,general_support,billing_support,general_support|billing_resolution|generalist,none_flagged,medium,0.1359,0.6071,0.7219,0.2799,546.61,0.6149,0.0698,0.1761,0.3351,0.667,0.4418,0.7315,0.558
REP00165,Joshua,Ward,Joshua Ward,NovaWireless,General Support,Call Center,Customer Service Representative,False,37,general_support,device_support,general_support,device_support,general_support|device_support|generalist,none_flagged,medium,0.1359,0.6289,0.6913,0.2493,523.19,0.7154,0.0244,0.08,0.3597,0.7193,0.4194,0.9466,0.5074
REP00166,Ella,Lewis,Ella Lewis,NovaWireless,General Support,Call Center,Customer Service Representative,False,31,billing_resolution,device_support,billing_support,device_support,billing_resolution|device_support|generalist,none_flagged,medium,0.1359,0.6642,0.6776,0.2265,532.79,0.6621,0.123,0.0938,0.4408,0.6815,0.4589,1.0,0.4039
REP00167,Mateo,King,Mateo King,NovaWireless,General Support,Call Center,Customer Service Representative,False,39,porting_transfer,billing_resolution,porting_support,billing_support,porting_transfer|billing_resolution|generalist,none_flagged,medium,0.1359,0.6278,0.6639,0.2967,535.94,0.7177,0.1041,0.0802,0.2632,0.6929,0.4223,0.9082,0.6073
REP00168,Connor,Moore,Connor Moore,NovaWireless,General Support,Call Center,Customer Service Representative,False,37,billing_resolution,fraud_unwanted_calls,billing_support,fraud_unwanted_calls,billing_resolution|fraud_unwanted_calls|generalist,none_flagged,medium,0.1359,0.6919,0.7148,0.2844,528.01,0.7115,0.1115,0.0159,0.2949,0.6472,0.3972,0.9033,0.4032
REP00169,Eric,Ross,Eric Ross,NovaWireless,General Support,Call Center,Customer Service Representative,False,15,billing_resolution,general_support,billing_support,general_support,billing_resolution|general_support|generalist,none_flagged,medium,0.1359,0.6025,0.7112,0.2017,523.48,0.6773,0.1706,0.0631,0.4306,0.6795,0.4413,0.9439,0.3639
REP00170,Parker,Howard,Parker Howard,NovaWireless,General Support,Call Center,Customer Service Representative,False,35,fraud_unwanted_calls,billing_resolution,fraud_unwanted_calls,billing_support,fraud_unwanted_calls|billing_resolution|generalist,none_flagged,high,0.1359,0.5415,0.6425,0.307,612.84,0.5042,0.1056,0.1175,0.4902,0.5003,0.5954,0.735,0.5805
REP00171,Amy,Castillo,Amy Castillo,NovaWireless,General Support,Call Center,Customer Service Representative,False,33,network_service,porting_transfer,tech_support,porting_support,network_service|porting_transfer|generalist,none_flagged,medium,0.1359,0.6658,0.6077,0.3326,575.31,0.6423,0.0443,0.0645,0.4148,0.6162,0.4983,0.7912,0.5236
REP00172,Quinn,Lopez,Quinn Lopez,NovaWireless,General Support,Call Center,Customer Service Representative,False,28,fraud_unwanted_calls,billing_resolution,fraud_unwanted_calls,billing_support,fraud_unwanted_calls|billing_resolution|generalist,none_flagged,medium,0.1359,0.5579,0.7855,0.1664,516.3,0.7173,0.1217,0.0763,0.2796,0.6433,0.3552,1.0,0.4926
REP00173,Hailey,Morales,Hailey Morales,NovaWireless,General Support,Call Center,Customer Service Representative,False,15,device_support,fraud_unwanted_calls,device_support,fraud_unwanted_calls,device_support|fraud_unwanted_calls|generalist,none_flagged,medium,0.1359,0.5892,0.7177,0.2205,580.87,0.5997,0.0741,0.1695,0.3471,0.617,0.4506,0.859,0.3345
REP00174,Liam,Gonzalez,Liam Gonzalez,NovaWireless,General Support,Call Center,Customer Service Representative,False,34,fraud_unwanted_calls,general_support,fraud_unwanted_calls,general_support,fraud_unwanted_calls|general_support|generalist,none_flagged,medium,0.1359,0.5349,0.7401,0.2507,488.99,0.6762,0.0407,0.1281,0.2902,0.589,0.2874,0.8982,0.4882
REP00175,Gabriel,Barnes,Gabriel Barnes,NovaWireless,General Support,Call Center,Customer Service Representative,False,30,network_service,fraud_unwanted_calls,tech_support,fraud_unwanted_calls,network_service|fraud_unwanted_calls|generalist,none_flagged,medium,0.1359,0.6532,0.7372,0.2931,491.42,0.6764,0.1012,0.0173,0.1603,0.7524,0.2334,0.8478,0.317
REP00176,Drew,Cruz,Drew Cruz,NovaWireless,General Support,Call Center,Customer Service Representative,False,28,billing_resolution,network_service,billing_support,tech_support,billing_resolution|network_service|generalist,none_flagged,medium,0.1359,0.5332,0.6223,0.2879,528.9,0.7426,0.0956,0.0708,0.2423,0.6391,0.2982,0.8362,0.4882
REP00177,Kaitlyn,Hughes,Kaitlyn Hughes,NovaWireless,General Support,Call Center,Customer Service Representative,False,33,network_service,device_support,tech_support,device_support,network_service|device_support|generalist,none_flagged,medium,0.1359,0.6099,0.7132,0.253,530.01,0.7089,0.019,0.01,0.3661,0.636,0.4286,0.9843,0.5973
REP00178,Mason,Morales,Mason Morales,NovaWireless,General Support,Call Center,Customer Service Representative,False,37,fraud_unwanted_calls,general_support,fraud_unwanted_calls,general_support,fraud_unwanted_calls|general_support|generalist,none_flagged,medium,0.1359,0.6656,0.7353,0.19,523.95,0.6371,0.0484,0.119,0.2944,0.703,0.3437,0.9465,0.5056
REP00179,Jada,James,Jada James,NovaWireless,General Support,Call Center,Customer Service Representative,False,38,fraud_unwanted_calls,network_service,fraud_unwanted_calls,tech_support,fraud_unwanted_calls|network_service|generalist,none_flagged,medium,0.1359,0.6921,0.6399,0.35,560.63,0.7357,0.109,0.0856,0.4024,0.7515,0.4923,0.8787,0.6558
REP00180,Eva,Bennett,Eva Bennett,NovaWireless,General Support,Call Center,Customer Service Representative,False,28,fraud_unwanted_calls,network_service,fraud_unwanted_calls,tech_support,fraud_unwanted_calls|network_service|generalist,none_flagged,medium,0.1359,0.6221,0.6752,0.3185,500.3,0.7088,0.085,0.0671,0.2835,0.7276,0.3517,0.9222,0.486
REP00181,Lauren,Scott,Lauren Scott,NovaWireless,General Support,Call Center,Customer Service Representative,False,16,fraud_unwanted_calls,porting_transfer,fraud_unwanted_calls,porting_support,fraud_unwanted_calls|porting_transfer|generalist,none_flagged,medium,0.1359,0.6927,0.6632,0.2092,494.11,0.6484,0.08,0.0225,0.3278,0.6711,0.3058,0.8873,0.3445
REP00182,Anita,Cook,Anita Cook,NovaWireless,General Support,Call Center,Customer Service Representative,False,27,network_service,fraud_unwanted_calls,tech_support,fraud_unwanted_calls,network_service|fraud_unwanted_calls|generalist,none_flagged,medium,0.1359,0.5711,0.6708,0.1567,518.86,0.6511,0.0596,0.0716,0.2697,0.6205,0.4114,0.7814,0.3793
REP00183,Olivia,Ward,Olivia Ward,NovaWireless,General Support,Call Center,Customer Service Representative,False,36,billing_resolution,device_support,billing_support,device_support,billing_resolution|device_support|generalist,none_flagged,medium,0.1359,0.7074,0.7936,0.1677,526.44,0.7155,0.0514,0.0241,0.208,0.7495,0.3187,0.9042,0.3905
REP00184,Maria,Baker,Maria Baker,NovaWireless,General Support,Call Center,Customer Service Representative,False,41,fraud_unwanted_calls,billing_resolution,fraud_unwanted_calls,billing_support,fraud_unwanted_calls|billing_resolution|generalist,none_flagged,medium,0.1359,0.5113,0.6566,0.2642,564.47,0.6223,0.1393,0.1316,0.3619,0.5277,0.57,0.6325,0.5982
REP00185,Adam,Hernandez,Adam Hernandez,NovaWireless,General Support,Call Center,Customer Service Representative,False,34,general_support,fraud_unwanted_calls,general_support,fraud_unwanted_calls,general_support|fraud_unwanted_calls|generalist,none_flagged,medium,0.1359,0.6063,0.6823,0.2617,550.72,0.6739,0.0891,0.0613,0.3131,0.5489,0.4892,0.9165,0.5071
REP00186,Adam,Lewis,Adam Lewis,NovaWireless,General Support,Call Center,Customer Service Representative,False,37,billing_resolution,fraud_unwanted_calls,billing_support,fraud_unwanted_calls,billing_resolution|fraud_unwanted_calls|generalist,none_flagged,medium,0.1359,0.622,0.735,0.2136,536.78,0.676,0.0298,0.1526,0.3296,0.7043,0.4361,0.934,0.777
REP00187,Elliot,Williams,Elliot Williams,NovaWireless,General Support,Call Center,Customer Service Representative,False,31,fraud_unwanted_calls,general_support,fraud_unwanted_calls,general_support,fraud_unwanted_calls|general_support|generalist,none_flagged,medium,0.1359,0.7295,0.7209,0.2488,498.05,0.6484,0.01,0.0673,0.2678,0.7807,0.3872,1.0,0.4043
REP00188,Julia,Alvarez,Julia Alvarez,NovaWireless,General Support,Call Center,Customer Service Representative,False,38,general_support,billing_resolution,general_support,billing_support,general_support|billing_resolution|generalist,none_flagged,medium,0.1359,0.5598,0.6373,0.299,573.24,0.5921,0.1302,0.1214,0.3502,0.553,0.4887,0.8419,0.6228
REP00189,Ari,Kelley,Ari Kelley,NovaWireless,General Support,Call Center,Customer Service Representative,False,27,fraud_unwanted_calls,porting_transfer,fraud_unwanted_calls,porting_support,fraud_unwanted_calls|porting_transfer|generalist,none_flagged,medium,0.1359,0.7048,0.7874,0.1826,483.48,0.6818,0.0681,0.0101,0.0748,0.693,0.2382,1.0,0.5789
REP00190,Adrian,Baker,Adrian Baker,NovaWireless,General Support,Call Center,Customer Service Representative,False,35,fraud_unwanted_calls,billing_resolution,fraud_unwanted_calls,billing_support,fraud_unwanted_calls|billing_resolution|generalist,none_flagged,medium,0.1359,0.6195,0.7116,0.2056,521.28,0.5848,0.0546,0.1402,0.3094,0.5987,0.3585,0.8688,0.5742
REP00191,Ava,Chang,Ava Chang,NovaWireless,General Support,Call Center,Customer Service Representative,False,28,fraud_unwanted_calls,device_support,fraud_unwanted_calls,device_support,fraud_unwanted_calls|device_support|generalist,none_flagged,medium,0.1359,0.7142,0.7398,0.1591,551.11,0.6396,0.1121,0.0718,0.3817,0.7642,0.4725,0.9011,0.5178
REP00192,Casey,Alvarez,Casey Alvarez,NovaWireless,General Support,Call Center,Customer Service Representative,False,32,general_support,billing_resolution,general_support,billing_support,general_support|billing_resolution|generalist,none_flagged,high,0.1359,0.5472,0.6969,0.2303,554.83,0.6574,0.0744,0.1671,0.3597,0.5919,0.6542,0.6674,0.5897
REP00193,Riley,Kelley,Riley Kelley,NovaWireless,General Support,Call Center,Customer Service Representative,False,39,device_support,porting_transfer,device_support,porting_support,device_support|porting_transfer|generalist,none_flagged,medium,0.1359,0.7237,0.713,0.275,555.19,0.7679,0.0528,0.012,0.0984,0.7761,0.319,0.9992,0.6402
REP00194,Diego,Torres,Diego Torres,NovaWireless,General Support,Call Center,Customer Service Representative,False,30,fraud_unwanted_calls,network_service,fraud_unwanted_calls,tech_support,fraud_unwanted_calls|network_service|generalist,none_flagged,medium,0.1359,0.5493,0.7636,0.1598,494.73,0.6898,0.0267,0.0212,0.3162,0.7152,0.4209,0.9058,0.5263
REP00195,Avery,Morales,Avery Morales,NovaWireless,General Support,Call Center,Customer Service Representative,False,39,fraud_unwanted_calls,billing_resolution,fraud_unwanted_calls,billing_support,fraud_unwanted_calls|billing_resolution|generalist,none_flagged,medium,0.1359,0.7283,0.722,0.2361,542.75,0.6278,0.0671,0.0953,0.379,0.6975,0.5164,0.8479,0.4717
REP00196,Alexis,Barnes,Alexis Barnes,NovaWireless,General Support,Call Center,Customer Service Representative,False,34,porting_transfer,network_service,porting_support,tech_support,porting_transfer|network_service|generalist,none_flagged,medium,0.1359,0.7173,0.7139,0.263,524.36,0.6536,0.0572,0.0825,0.3179,0.7337,0.3341,1.0,0.5132
REP00197,Jack,Ross,Jack Ross,NovaWireless,General Support,Call Center,Customer Service Representative,False,27,fraud_unwanted_calls,network_service,fraud_unwanted_calls,tech_support,fraud_unwanted_calls|network_service|generalist,none_flagged,medium,0.1359,0.7207,0.7221,0.2659,558.59,0.6093,0.1576,0.0909,0.2688,0.6085,0.4586,0.8534,0.2374
REP00198,Courtney,Collins,Courtney Collins,NovaWireless,General Support,Call Center,Customer Service Representative,False,36,porting_transfer,billing_resolution,porting_support,billing_support,porting_transfer|billing_resolution|generalist,none_flagged,medium,0.1359,0.6815,0.7325,0.2116,497.06,0.6794,0.01,0.0194,0.1536,0.7434,0.2468,1.0,0.377
REP00199,Andre,Edwards,Andre Edwards,NovaWireless,General Support,Call Center,Customer Service Representative,False,26,general_support,fraud_unwanted_calls,general_support,fraud_unwanted_calls,general_support|fraud_unwanted_calls|generalist,none_flagged,medium,0.1359,0.5548,0.6098,0.2804,567.0,0.7024,0.0479,0.1156,0.401,0.5472,0.5685,0.9098,0.5545
REP00200,Sofia,Wong,Sofia Wong,NovaWireless,General Support,Call Center,Customer Service Representative,False,24,fraud_unwanted_calls,network_service,fraud_unwanted_calls,tech_support,fraud_unwanted_calls|network_service|generalist,none_flagged,medium,0.1359,0.6232,0.7584,0.208,563.4,0.6775,0.1435,0.0483,0.3,0.6667,0.4556,0.8407,0.5748
REP00201,Brianna,Miller,Brianna Miller,NovaWireless,General Support,Call Center,Customer Service Representative,False,18,billing_resolution,fraud_unwanted_calls,billing_support,fraud_unwanted_calls,billing_resolution|fraud_unwanted_calls|generalist,none_flagged,medium,0.1359,0.5829,0.659,0.2754,575.86,0.6086,0.0755,0.0929,0.45,0.5878,0.5045,0.7698,0.387
REP00202,Joshua,Johnson,Joshua Johnson,NovaWireless,General Support,Call Center,Customer Service Representative,False,29,network_service,device_support,tech_support,device_support,network_service|device_support|generalist,none_flagged,medium,0.1359,0.6982,0.6238,0.2786,544.47,0.5745,0.01,0.0884,0.259,0.6735,0.4362,0.8583,0.5896
REP00203,Carmen,Thompson,Carmen Thompson,NovaWireless,General Support,Call Center,Customer Service Representative,False,36,device_support,fraud_unwanted_calls,device_support,fraud_unwanted_calls,device_support|fraud_unwanted_calls|generalist,none_flagged,medium,0.1359,0.6003,0.7055,0.285,545.62,0.5922,0.0838,0.088,0.3393,0.737,0.3854,1.0,0.5192
REP00204,Jayden,Ruiz,Jayden Ruiz,NovaWireless,General Support,Call Center,Customer Service Representative,False,40,general_support,fraud_unwanted_calls,general_support,fraud_unwanted_calls,general_support|fraud_unwanted_calls|generalist,none_flagged,medium,0.1359,0.7064,0.7243,0.2434,496.32,0.656,0.0509,0.1354,0.2651,0.6791,0.3934,0.9613,0.3097
REP00205,Elliot,Nguyen,Elliot Nguyen,NovaWireless,General Support,Call Center,Customer Service Representative,False,32,porting_transfer,billing_resolution,porting_support,billing_support,porting_transfer|billing_resolution|generalist,none_flagged,medium,0.1359,0.6868,0.6563,0.2707,531.18,0.7576,0.0746,0.0447,0.2478,0.7037,0.3578,1.0,0.3322
REP00206,Christian,White,Christian White,NovaWireless,General Support,Call Center,Customer Service Representative,False,24,billing_resolution,device_support,billing_support,device_support,billing_resolution|device_support|generalist,none_flagged,medium,0.1359,0.6644,0.7241,0.2857,482.25,0.702,0.1255,0.0479,0.3083,0.6449,0.4896,0.8291,0.4663
REP00207,Bailey,Lopez,Bailey Lopez,NovaWireless,General Support,Call Center,Customer Service Representative,False,36,fraud_unwanted_calls,billing_resolution,fraud_unwanted_calls,billing_support,fraud_unwanted_calls|billing_resolution|generalist,none_flagged,medium,0.1359,0.6004,0.6534,0.3321,570.55,0.7439,0.0948,0.1157,0.3572,0.619,0.4717,0.8257,0.597
REP00208,Ava,Baker,Ava Baker,NovaWireless,General Support,Call Center,Customer Service Representative,False,36,device_support,fraud_unwanted_calls,device_support,fraud_unwanted_calls,device_support|fraud_unwanted_calls|generalist,none_flagged,medium,0.1359,0.6443,0.7601,0.2451,542.74,0.6361,0.0973,0.1632,0.2874,0.5774,0.5637,0.9133,0.5951
REP00209,Clara,Hernandez,Clara Hernandez,NovaWireless,General Support,Call Center,Customer Service Representative,False,25,billing_resolution,device_support,billing_support,device_support,billing_resolution|device_support|generalist,none_flagged,medium,0.1359,0.665,0.7613,0.1539,543.62,0.637,0.0692,0.0391,0.2626,0.7209,0.3797,0.9606,0.3949
REP00210,Kaitlyn,Roberts,Kaitlyn Roberts,NovaWireless,General Support,Call Center,Customer Service Representative,False,35,network_service,general_support,tech_support,general_support,network_service|general_support|generalist,none_flagged,medium,0.1359,0.6418,0.6891,0.1951,508.58,0.7157,0.0527,0.0732,0.3505,0.6027,0.4317,0.9997,0.596
REP00211,Jason,Chen,Jason Chen,NovaWireless,General Support,Call Center,Customer Service Representative,False,28,billing_resolution,network_service,billing_support,tech_support,billing_resolution|network_service|generalist,none_flagged,medium,0.1359,0.6222,0.7532,0.2826,538.07,0.6683,0.01,0.0264,0.2772,0.7135,0.4322,0.8439,0.5275
REP00212,Faith,Rogers,Faith Rogers,NovaWireless,General Support,Call Center,Customer Service Representative,False,28,network_service,device_support,tech_support,device_support,network_service|device_support|generalist,none_flagged,medium,0.1359,0.5868,0.6772,0.2468,529.15,0.7422,0.01,0.0983,0.3029,0.6518,0.3388,0.8709,0.2454
REP00213,Jake,Nelson,Jake Nelson,NovaWireless,General Support,Call Center,Customer Service Representative,False,40,device_support,fraud_unwanted_calls,device_support,fraud_unwanted_calls,device_support|fraud_unwanted_calls|generalist,none_flagged,medium,0.1359,0.6438,0.6776,0.2884,521.06,0.6982,0.091,0.1464,0.2371,0.7162,0.3272,0.8855,0.4966
REP00214,Drew,Gray,Drew Gray,NovaWireless,General Support,Call Center,Customer Service Representative,False,27,billing_resolution,fraud_unwanted_calls,billing_support,fraud_unwanted_calls,billing_resolution|fraud_unwanted_calls|generalist,none_flagged,medium,0.1359,0.5696,0.6328,0.346,556.25,0.6567,0.0162,0.1458,0.1985,0.5985,0.3445,0.9915,0.2178
REP00215,Jose,Evans,Jose Evans,NovaWireless,General Support,Call Center,Customer Service Representative,False,24,fraud_unwanted_calls,general_support,fraud_unwanted_calls,general_support,fraud_unwanted_calls|general_support|generalist,none_flagged,medium,0.1359,0.6437,0.731,0.253,555.86,0.652,0.0472,0.1541,0.2938,0.6727,0.4471,0.8603,0.8059
REP00216,Kaitlyn,Shah,Kaitlyn Shah,NovaWireless,General Support,Call Center,Customer Service Representative,False,36,device_support,billing_resolution,device_support,billing_support,device_support|billing_resolution|generalist,none_flagged,medium,0.1359,0.605,0.6882,0.2949,528.57,0.6509,0.0306,0.0481,0.2028,0.6789,0.3536,0.9141,0.6488
REP00217,Jennifer,Hall,Jennifer Hall,NovaWireless,General Support,Call Center,Customer Service Representative,False,36,device_support,network_service,device_support,tech_support,device_support|network_service|generalist,none_flagged,medium,0.1359,0.6274,0.6665,0.2913,536.11,0.7265,0.0829,0.133,0.3438,0.6745,0.3033,1.0,0.4142
REP00218,Jayden,Kelley,Jayden Kelley,NovaWireless,General Support,Call Center,Customer Service Representative,False,22,network_service,general_support,tech_support,general_support,network_service|general_support|generalist,none_flagged,medium,0.1359,0.5616,0.6908,0.2572,526.51,0.6518,0.0735,0.0431,0.3543,0.6338,0.4783,0.8614,0.4047
REP00219,Nora,Bennett,Nora Bennett,NovaWireless,General Support,Call Center,Customer Service Representative,False,41,fraud_unwanted_calls,billing_resolution,fraud_unwanted_calls,billing_support,fraud_unwanted_calls|billing_resolution|generalist,none_flagged,medium,0.1359,0.6265,0.7195,0.2488,601.39,0.596,0.1051,0.119,0.4019,0.669,0.406,0.8696,0.5045
REP00220,Joshua,Kim,Joshua Kim,NovaWireless,General Support,Call Center,Customer Service Representative,False,42,billing_resolution,porting_transfer,billing_support,porting_support,billing_resolution|porting_transfer|generalist,none_flagged,medium,0.1359,0.6498,0.6725,0.2672,533.94,0.6634,0.0892,0.095,0.3888,0.6867,0.4442,0.9976,0.4813
REP00221,Jessica,Robinson,Jessica Robinson,NovaWireless,General Support,Call Center,Customer Service Representative,False,28,network_service,fraud_unwanted_calls,tech_support,fraud_unwanted_calls,network_service|fraud_unwanted_calls|generalist,none_flagged,medium,0.1359,0.7039,0.692,0.1912,546.21,0.7609,0.0433,0.0691,0.3277,0.7142,0.3743,0.8996,0.2512
REP00222,Emma,Evans,Emma Evans,NovaWireless,General Support,Call Center,Customer Service Representative,False,27,billing_resolution,fraud_unwanted_calls,billing_support,fraud_unwanted_calls,billing_resolution|fraud_unwanted_calls|generalist,none_flagged,medium,0.1359,0.6037,0.8042,0.2607,520.89,0.5997,0.0361,0.1152,0.1187,0.7275,0.341,0.9188,0.7655
REP00223,David,Thompson,David Thompson,NovaWireless,General Support,Call Center,Customer Service Representative,False,22,billing_resolution,porting_transfer,billing_support,porting_support,billing_resolution|porting_transfer|generalist,none_flagged,medium,0.1359,0.6838,0.7326,0.174,548.64,0.7153,0.01,0.1985,0.3646,0.6719,0.4187,0.8577,0.5316
REP00224,John,Walker,John Walker,NovaWireless,General Support,Call Center,Customer Service Representative,False,26,network_service,billing_resolution,tech_support,billing_support,network_service|billing_resolution|generalist,none_flagged,medium,0.1359,0.6345,0.7048,0.2685,480.38,0.6963,0.1047,0.1652,0.3215,0.6893,0.51,0.8033,0.4185
REP00225,Eli,Chang,Eli Chang,NovaWireless,General Support,Call Center,Customer Service Representative,False,38,fraud_unwanted_calls,porting_transfer,fraud_unwanted_calls,porting_support,fraud_unwanted_calls|porting_transfer|generalist,none_flagged,medium,0.1359,0.6646,0.6588,0.2695,573.69,0.6893,0.0656,0.0738,0.402,0.6457,0.5149,0.7477,0.6853
REP00226,Leo,Barnes,Leo Barnes,NovaWireless,General Support,Call Center,Customer Service Representative,False,32,fraud_unwanted_calls,porting_transfer,fraud_unwanted_calls,porting_support,fraud_unwanted_calls|porting_transfer|generalist,none_flagged,medium,0.1359,0.6341,0.7159,0.2551,505.72,0.6958,0.0658,0.0957,0.3354,0.6667,0.329,0.9399,0.2889
REP00227,Jackson,Rivera,Jackson Rivera,NovaWireless,General Support,Call Center,Customer Service Representative,False,31,general_support,billing_resolution,general_support,billing_support,general_support|billing_resolution|generalist,none_flagged,medium,0.1359,0.5583,0.7329,0.2846,545.08,0.6248,0.0961,0.1352,0.3865,0.5816,0.5421,0.7823,0.4761
REP00228,Dominic,Williams,Dominic Williams,NovaWireless,General Support,Call Center,Customer Service Representative,False,23,general_support,billing_resolution,general_support,billing_support,general_support|billing_resolution|generalist,none_flagged,medium,0.1359,0.51,0.6868,0.2977,532.96,0.6,0.062,0.0741,0.3545,0.582,0.4411,0.8734,0.4542
REP00229,Alexander,Parker,Alexander Parker,NovaWireless,General Support,Call Center,Customer Service Representative,False,31,fraud_unwanted_calls,network_service,fraud_unwanted_calls,tech_support,fraud_unwanted_calls|network_service|generalist,none_flagged,medium,0.1359,0.5607,0.6676,0.3617,562.3,0.7717,0.0616,0.1119,0.3771,0.585,0.3656,0.789,0.3382
REP00230,Anita,Williams,Anita Williams,NovaWireless,General Support,Call Center,Customer Service Representative,False,28,fraud_unwanted_calls,billing_resolution,fraud_unwanted_calls,billing_support,fraud_unwanted_calls|billing_resolution|generalist,none_flagged,medium,0.1359,0.5475,0.6348,0.2713,547.51,0.6696,0.1139,0.1231,0.4215,0.6257,0.4572,0.7579,0.7081
REP00231,Thomas,Ward,Thomas Ward,NovaWireless,General Support,Call Center,Customer Service Representative,False,39,network_service,fraud_unwanted_calls,tech_support,fraud_unwanted_calls,network_service|fraud_unwanted_calls|generalist,none_flagged,medium,0.1359,0.6867,0.8334,0.1302,621.57,0.6822,0.0519,0.106,0.2439,0.7435,0.4983,0.7893,0.4642
REP00232,Joshua,Nelson,Joshua Nelson,NovaWireless,General Support,Call Center,Customer Service Representative,False,41,fraud_unwanted_calls,general_support,fraud_unwanted_calls,general_support,fraud_unwanted_calls|general_support|generalist,none_flagged,medium,0.1359,0.6194,0.696,0.2244,528.94,0.6869,0.0277,0.0915,0.3111,0.6019,0.4437,0.9264,0.7998
REP00233,Sofia,Lopez,Sofia Lopez,NovaWireless,General Support,Call Center,Customer Service Representative,False,35,general_support,billing_resolution,general_support,billing_support,general_support|billing_resolution|generalist,none_flagged,medium,0.1359,0.5812,0.6294,0.2742,547.4,0.7432,0.1084,0.0929,0.2691,0.6598,0.3653,0.8504,0.4178
REP00234,Anthony,Shah,Anthony Shah,NovaWireless,General Support,Call Center,Customer Service Representative,False,37,fraud_unwanted_calls,billing_resolution,fraud_unwanted_calls,billing_support,fraud_unwanted_calls|billing_resolution|generalist,none_flagged,medium,0.1359,0.7378,0.7447,0.2362,509.61,0.6785,0.032,0.044,0.2143,0.7423,0.2519,1.0,0.3856
REP00235,Lucy,Robinson,Lucy Robinson,NovaWireless,General Support,Call Center,Customer Service Representative,False,27,network_service,device_support,tech_support,device_support,network_service|device_support|generalist,none_flagged,medium,0.1359,0.6527,0.7223,0.1801,580.27,0.673,0.0778,0.1222,0.224,0.7016,0.3934,0.9767,0.6698
REP00236,Jeremiah,Williams,Jeremiah Williams,NovaWireless,General Support,Call Center,Customer Service Representative,False,25,device_support,billing_resolution,device_support,billing_support,device_support|billing_resolution|generalist,none_flagged,medium,0.1359,0.6022,0.7065,0.2552,537.03,0.7523,0.0198,0.0728,0.4229,0.6738,0.386,1.0,0.4718
REP00237,Charles,Martinez,Charles Martinez,NovaWireless,General Support,Call Center,Customer Service Representative,False,29,billing_resolution,device_support,billing_support,device_support,billing_resolution|device_support|generalist,none_flagged,medium,0.1359,0.5943,0.634,0.2332,509.0,0.6745,0.0883,0.0939,0.3231,0.6352,0.3667,0.9765,0.4267
REP00238,Sophia,Lee,Sophia Lee,NovaWireless,General Support,Call Center,Customer Service Representative,False,32,device_support,general_support,device_support,general_support,device_support|general_support|generalist,none_flagged,medium,0.1359,0.6896,0.7223,0.2306,475.57,0.6529,0.0472,0.1563,0.2588,0.6563,0.2391,1.0,0.3027
REP00239,Benjamin,Mitchell,Benjamin Mitchell,NovaWireless,General Support,Call Center,Customer Service Representative,False,46,billing_resolution,device_support,billing_support,device_support,billing_resolution|device_support|generalist,none_flagged,medium,0.1359,0.5597,0.6359,0.2634,571.33,0.6671,0.0561,0.1034,0.4455,0.5909,0.5218,0.8765,0.6634
REP00240,Brittany,Morgan,Brittany Morgan,NovaWireless,General Support,Call Center,Customer Service Representative,False,33,billing_resolution,fraud_unwanted_calls,billing_support,fraud_unwanted_calls,billing_resolution|fraud_unwanted_calls|generalist,none_flagged,medium,0.1359,0.7081,0.7825,0.1894,506.21,0.686,0.0119,0.01,0.3323,0.6554,0.355,0.9671,0.3905
REP00241,Jayden,Chang,Jayden Chang,NovaWireless,General Support,Call Center,Customer Service Representative,False,27,billing_resolution,network_service,billing_support,tech_support,billing_resolution|network_service|generalist,none_flagged,medium,0.1359,0.6366,0.7391,0.2676,574.2,0.5881,0.1178,0.1427,0.4229,0.6114,0.5459,0.918,0.3948
REP00242,Cameron,Ortiz,Cameron Ortiz,NovaWireless,General Support,Call Center,Customer Service Representative,False,36,network_service,device_support,tech_support,device_support,network_service|device_support|generalist,none_flagged,medium,0.1359,0.6959,0.7937,0.1975,525.45,0.6287,0.1444,0.1494,0.3706,0.6938,0.4615,0.9241,0.4368
REP00243,Madison,Edwards,Madison Edwards,NovaWireless,General Support,Call Center,Customer Service Representative,False,33,device_support,fraud_unwanted_calls,device_support,fraud_unwanted_calls,device_support|fraud_unwanted_calls|generalist,none_flagged,medium,0.1359,0.6857,0.7935,0.2656,497.14,0.6787,0.046,0.0344,0.3688,0.7286,0.2854,1.0,0.4484
REP00244,Carter,Hughes,Carter Hughes,NovaWireless,General Support,Call Center,Customer Service Representative,False,34,porting_transfer,network_service,porting_support,tech_support,porting_transfer|network_service|generalist,none_flagged,high,0.1359,0.6868,0.755,0.2619,589.7,0.6114,0.0179,0.0614,0.4387,0.5755,0.6192,0.7157,0.7831
REP00245,Mia,Rivera,Mia Rivera,NovaWireless,General Support,Call Center,Customer Service Representative,False,28,network_service,billing_resolution,tech_support,billing_support,network_service|billing_resolution|generalist,none_flagged,medium,0.1359,0.7403,0.8074,0.207,521.35,0.7666,0.1126,0.1298,0.509,0.6926,0.4315,0.7903,0.323
REP00246,Hazel,Ross,Hazel Ross,NovaWireless,General Support,Call Center,Customer Service Representative,False,33,billing_resolution,general_support,billing_support,general_support,billing_resolution|general_support|generalist,none_flagged,medium,0.1359,0.6148,0.6884,0.2586,513.01,0.6123,0.0723,0.1306,0.3759,0.6255,0.4945,0.926,0.4593
REP00247,Aaliyah,Robinson,Aaliyah Robinson,NovaWireless,General Support,Call Center,Customer Service Representative,False,44,fraud_unwanted_calls,general_support,fraud_unwanted_calls,general_support,fraud_unwanted_calls|general_support|generalist,none_flagged,medium,0.1359,0.6233,0.8385,0.1884,519.48,0.6739,0.0801,0.0738,0.1089,0.7059,0.3594,0.9373,0.362
REP00248,Emily,Smith,Emily Smith,NovaWireless,General Support,Call Center,Customer Service Representative,False,30,general_support,fraud_unwanted_calls,general_support,fraud_unwanted_calls,general_support|fraud_unwanted_calls|generalist,none_flagged,medium,0.1359,0.6517,0.7131,0.1996,521.52,0.6705,0.0373,0.059,0.1972,0.7556,0.2744,0.9884,0.1835
REP00249,Naomi,Gomez,Naomi Gomez,NovaWireless,General Support,Call Center,Customer Service Representative,False,28,general_support,network_service,general_support,tech_support,general_support|network_service|generalist,none_flagged,medium,0.1359,0.658,0.4824,0.313,542.82,0.6037,0.0581,0.0965,0.3148,0.6383,0.5017,1.0,0.4686
REP00250,James,Edwards,James Edwards,NovaWireless,General Support,Call Center,Customer Service Representative,False,25,fraud_unwanted_calls,general_support,fraud_unwanted_calls,general_support,fraud_unwanted_calls|general_support|generalist,none_flagged,medium,0.1359,0.5755,0.5759,0.2678,493.25,0.6614,0.0902,0.1428,0.3181,0.6395,0.4709,0.8117,0.5571
